Model,Test Accuracy,Test F1-Score,Test ROC-AUC,CV Accuracy,CV Std
Random Forest,1.0,1.0,1.0,0.9982608695652175,0.003478260869565197
SVM,0.9584775086505191,0.9583333333333334,0.9974602261836304,0.9548729531338227,0.015161594182333956
Logistic Regression,0.9930795847750865,0.9929577464788732,0.9998083189572551,0.979156785243742,0.012726613030105383
