{
  "val_best_params": {
    "C": 0.01,
    "penalty": "l2",
    "solver": "liblinear",
    "class_weight": "balanced",
    "max_iter": 5000,
    "random_state": 42
  },
  "val_best_threshold": 0.42,
  "val_best_accuracy": 0.7772511848341233,
  "test_accuracy": 0.7793427230046949,
  "test_f1": 0.6887417218543046,
  "test_roc_auc": 0.8399758454106279
}